image_path,category,architecture,defect_type,severity,mean_iou_disagreement,max_iou_disagreement,mean_spearman_disagreement,max_spearman_disagreement
E:\Research\Code_Start\data\preprocessed\hazelnut\test\def\hazel_test_def_001.png,hazelnut,resnet18,crack,0.06341677295918367,0.7030732639571178,0.8996122361051271,0.8045390007949441,1.238633370061774
E:\Research\Code_Start\data\preprocessed\hazelnut\test\def\hazel_test_def_002.png,hazelnut,resnet18,crack,0.053392059948979595,0.733643956692419,0.8919739696312364,0.6762674410936124,0.9559756317126785
E:\Research\Code_Start\data\preprocessed\hazelnut\test\def\hazel_test_def_003.png,hazelnut,resnet18,crack,0.22383211096938777,0.6770898253594764,0.7468715153016974,0.5462882969393473,0.7291120936283096
E:\Research\Code_Start\data\preprocessed\hazelnut\test\def\hazel_test_def_004.png,hazelnut,resnet18,crack,0.02881855867346939,0.8173345826521854,0.9702183984116479,0.9383758187792912,1.3781434132604489
E:\Research\Code_Start\data\preprocessed\hazelnut\test\def\hazel_test_def_005.png,hazelnut,resnet18,crack,0.06319754464285714,0.7232677655859683,0.834591231203549,0.6735042411833242,0.8271146978307065
E:\Research\Code_Start\data\preprocessed\hazelnut\test\def\hazel_test_def_006.png,hazelnut,resnet18,crack,0.0157047193877551,0.7843895260556386,0.8657620275877538,0.7891836090915375,0.9938682654324257
E:\Research\Code_Start\data\preprocessed\hazelnut\test\def\hazel_test_def_007.png,hazelnut,resnet18,crack,0.13954878826530612,0.6732998793717709,0.8167992512868507,0.6865320049356084,0.9966956856948629
E:\Research\Code_Start\data\preprocessed\hazelnut\test\def\hazel_test_def_008.png,hazelnut,resnet18,crack,0.17528300382653061,0.6693317471068999,0.7666605694774709,0.5923082288495681,0.7736154021356979
E:\Research\Code_Start\data\preprocessed\hazelnut\test\def\hazel_test_def_009.png,hazelnut,resnet18,crack,0.07643096301020408,0.7503900474978554,0.9113384484228474,0.7936000049499761,1.2079205393911585
E:\Research\Code_Start\data\preprocessed\hazelnut\test\def\hazel_test_def_010.png,hazelnut,resnet18,cut,0.005919164540816327,0.6964037590791134,0.8472760428538865,0.7358220370426715,1.145359699364153
E:\Research\Code_Start\data\preprocessed\hazelnut\test\def\hazel_test_def_011.png,hazelnut,resnet18,cut,0.010682397959183673,0.7247746118657162,0.8575262804741668,0.7280239553056344,0.9743143129448893
E:\Research\Code_Start\data\preprocessed\hazelnut\test\def\hazel_test_def_012.png,hazelnut,resnet18,cut,0.008709343112244899,0.7459952159546059,0.9280167890870934,0.836470279752631,1.3614968210476257
E:\Research\Code_Start\data\preprocessed\hazelnut\test\def\hazel_test_def_013.png,hazelnut,resnet18,cut,0.010682397959183673,0.7093984114138796,0.8738977072310405,0.7184451884715294,0.8956923255077326
E:\Research\Code_Start\data\preprocessed\hazelnut\test\def\hazel_test_def_014.png,hazelnut,resnet18,cut,0.00825095663265306,0.7378282730776372,0.8836028478392848,0.7769106495193121,0.9871334789548509
E:\Research\Code_Start\data\preprocessed\hazelnut\test\def\hazel_test_def_015.png,hazelnut,resnet18,cut,0.005341198979591837,0.7626027747555053,0.9271161520688931,0.8577675401036182,1.2009555369856997
E:\Research\Code_Start\data\preprocessed\hazelnut\test\def\hazel_test_def_016.png,hazelnut,resnet18,cut,0.005699936224489796,0.710731522205229,0.8866608544027899,0.787516694266882,1.1018178697387189
E:\Research\Code_Start\data\preprocessed\hazelnut\test\def\hazel_test_def_017.png,hazelnut,resnet18,cut,0.015684789540816327,0.7389420984205258,0.872840744455589,0.7329980446393128,0.9584405440266331
E:\Research\Code_Start\data\preprocessed\hazelnut\test\def\hazel_test_def_018.png,hazelnut,resnet18,cut,0.006138392857142857,0.7621071378951069,0.9058257153675555,0.6861561115363345,0.9629847705635552
E:\Research\Code_Start\data\preprocessed\hazelnut\test\def\hazel_test_def_019.png,hazelnut,resnet18,hole,0.016163105867346938,0.7299656577389461,0.8324571428571429,0.7109784710643444,0.8357385445109675
E:\Research\Code_Start\data\preprocessed\hazelnut\test\def\hazel_test_def_020.png,hazelnut,resnet18,hole,0.008689413265306123,0.6520210196509183,0.7826924234217969,0.7126654927092817,0.9967741764130232
E:\Research\Code_Start\data\preprocessed\hazelnut\test\def\hazel_test_def_021.png,hazelnut,resnet18,hole,0.02951610331632653,0.6506060995529224,0.8260170075844633,0.7569616945306578,1.1651430979937947
E:\Research\Code_Start\data\preprocessed\hazelnut\test\def\hazel_test_def_022.png,hazelnut,resnet18,hole,0.006377551020408163,0.7264226362046419,0.8201808107319919,0.7275998436203183,0.917163535294482
E:\Research\Code_Start\data\preprocessed\hazelnut\test\def\hazel_test_def_023.png,hazelnut,resnet18,hole,0.014329559948979591,0.7157928658002204,0.836976320582878,0.6979552014748923,0.9600698875895046
E:\Research\Code_Start\data\preprocessed\hazelnut\test\def\hazel_test_def_024.png,hazelnut,resnet18,hole,0.008629623724489796,0.7205503007472643,0.8043503960278993,0.7198705563377129,0.9255278979395434
E:\Research\Code_Start\data\preprocessed\hazelnut\test\def\hazel_test_def_025.png,hazelnut,resnet18,hole,0.006975446428571429,0.6859203015612936,0.814023682377525,0.7770431687430519,1.0576394948819459
E:\Research\Code_Start\data\preprocessed\hazelnut\test\def\hazel_test_def_026.png,hazelnut,resnet18,hole,0.005241549744897959,0.8205185994433063,0.995081644698013,0.9649667212190148,1.4518734290866186
E:\Research\Code_Start\data\preprocessed\hazelnut\test\def\hazel_test_def_027.png,hazelnut,resnet18,hole,0.012814891581632654,0.6443109934258939,0.73835214869332,0.7115599883300284,0.9464471331311136
E:\Research\Code_Start\data\preprocessed\hazelnut\test\def\hazel_test_def_028.png,hazelnut,resnet18,print,0.04486208545918367,0.7748018453710194,0.8876306620209059,0.7492700707910444,0.9363537912376176
E:\Research\Code_Start\data\preprocessed\hazelnut\test\def\hazel_test_def_029.png,hazelnut,resnet18,print,0.030871332908163265,0.7730804380499551,0.8878728499891139,0.8352445698438714,1.2239944315923708
E:\Research\Code_Start\data\preprocessed\hazelnut\test\def\hazel_test_def_030.png,hazelnut,resnet18,print,0.030153858418367346,0.6952932160304157,0.8162224797219003,0.7253773847730178,1.0848125390929435
E:\Research\Code_Start\data\preprocessed\hazelnut\test\def\hazel_test_def_031.png,hazelnut,resnet18,print,0.016402264030612245,0.801910957904974,0.9628426395939086,0.9473871062100098,1.3892726190534752
E:\Research\Code_Start\data\preprocessed\hazelnut\test\def\hazel_test_def_032.png,hazelnut,resnet18,print,0.01931202168367347,0.7931093081438091,0.9313807531380753,0.8278815287222439,1.0914351266939109
E:\Research\Code_Start\data\preprocessed\hazelnut\test\def\hazel_test_def_033.png,hazelnut,resnet18,print,0.03784677933673469,0.7191164261604582,0.8398818987054282,0.7105260090701407,1.015711492393652
E:\Research\Code_Start\data\preprocessed\hazelnut\test\def\hazel_test_def_034.png,hazelnut,resnet18,print,0.019112723214285716,0.7860169132720372,0.9759422614274258,0.9251139715225967,1.351405004726883
E:\Research\Code_Start\data\preprocessed\hazelnut\test\def\hazel_test_def_035.png,hazelnut,resnet18,print,0.020487882653061226,0.6837212423508928,0.7873628679335771,0.6418517175838986,0.8556554167459317
E:\Research\Code_Start\data\preprocessed\hazelnut\test\def\hazel_test_def_036.png,hazelnut,resnet18,print,0.02560985331632653,0.7678595351503033,0.967455023246412,0.841427917655979,1.303884862753878
E:\Research\Code_Start\data\preprocessed\hazelnut\test\def\hazel_test_def_001.png,hazelnut,vit,crack,0.06341677295918367,0.8261541275539358,0.9255855951558931,0.8672651469409671,1.0985008201239543
E:\Research\Code_Start\data\preprocessed\hazelnut\test\def\hazel_test_def_002.png,hazelnut,vit,crack,0.053392059948979595,0.7975417948391801,0.8822456760789081,0.8228884313535096,1.0165540822135282
E:\Research\Code_Start\data\preprocessed\hazelnut\test\def\hazel_test_def_003.png,hazelnut,vit,crack,0.22383211096938777,0.8017110000889446,0.8700703831974081,0.8326344755957535,1.0293482015279873
E:\Research\Code_Start\data\preprocessed\hazelnut\test\def\hazel_test_def_004.png,hazelnut,vit,crack,0.02881855867346939,0.8741125393482827,0.9876889200280252,0.9981774452849245,1.3588875768940818
E:\Research\Code_Start\data\preprocessed\hazelnut\test\def\hazel_test_def_005.png,hazelnut,vit,crack,0.06319754464285714,0.8427628423690231,0.8921627690454023,0.9164257643878617,1.0300278729621812
E:\Research\Code_Start\data\preprocessed\hazelnut\test\def\hazel_test_def_006.png,hazelnut,vit,crack,0.0157047193877551,0.825106725941632,0.881290754054506,0.8689080404129245,1.0005104380767182
E:\Research\Code_Start\data\preprocessed\hazelnut\test\def\hazel_test_def_007.png,hazelnut,vit,crack,0.13954878826530612,0.8482072359063403,0.9281290046988466,0.9675288494281006,1.318864865563074
E:\Research\Code_Start\data\preprocessed\hazelnut\test\def\hazel_test_def_008.png,hazelnut,vit,crack,0.17528300382653061,0.8015852269366776,0.8746355685131195,0.8411545651035927,1.0014922728170452
E:\Research\Code_Start\data\preprocessed\hazelnut\test\def\hazel_test_def_009.png,hazelnut,vit,crack,0.07643096301020408,0.8458473997961686,0.9424657534246575,0.9421468922303912,1.289185203741242
E:\Research\Code_Start\data\preprocessed\hazelnut\test\def\hazel_test_def_010.png,hazelnut,vit,cut,0.005919164540816327,0.8266708250296945,0.8833563345293955,0.9178691103557944,1.1255049489294626
E:\Research\Code_Start\data\preprocessed\hazelnut\test\def\hazel_test_def_011.png,hazelnut,vit,cut,0.010682397959183673,0.7689444176336745,0.8421113354485146,0.7802248716801005,0.9520798199496419
E:\Research\Code_Start\data\preprocessed\hazelnut\test\def\hazel_test_def_012.png,hazelnut,vit,cut,0.008709343112244899,0.8513902228368435,0.9824949698189135,0.9972829654304758,1.4011865353654382
E:\Research\Code_Start\data\preprocessed\hazelnut\test\def\hazel_test_def_013.png,hazelnut,vit,cut,0.010682397959183673,0.7894466260552124,0.866461193611656,0.7879809498248466,0.9415545498566585
E:\Research\Code_Start\data\preprocessed\hazelnut\test\def\hazel_test_def_014.png,hazelnut,vit,cut,0.00825095663265306,0.7988055256389487,0.8824309392265194,0.8522827893668716,1.0110441116125417
E:\Research\Code_Start\data\preprocessed\hazelnut\test\def\hazel_test_def_015.png,hazelnut,vit,cut,0.005341198979591837,0.8071247725066826,0.8838492523312917,0.8290452292701452,0.987038676549443
E:\Research\Code_Start\data\preprocessed\hazelnut\test\def\hazel_test_def_016.png,hazelnut,vit,cut,0.005699936224489796,0.8267109243913784,0.8935565036648069,0.8620469956696004,1.0355767569789087
E:\Research\Code_Start\data\preprocessed\hazelnut\test\def\hazel_test_def_017.png,hazelnut,vit,cut,0.015684789540816327,0.7751041246743493,0.8981970695571654,0.7683308862235513,0.9884964970139133
E:\Research\Code_Start\data\preprocessed\hazelnut\test\def\hazel_test_def_018.png,hazelnut,vit,cut,0.006138392857142857,0.8032650409031667,0.881751340593731,0.7685603740274848,0.922656603621842
E:\Research\Code_Start\data\preprocessed\hazelnut\test\def\hazel_test_def_019.png,hazelnut,vit,hole,0.016163105867346938,0.8252731785537112,0.8854482340624827,0.8763235932122334,1.0171313658792356
E:\Research\Code_Start\data\preprocessed\hazelnut\test\def\hazel_test_def_020.png,hazelnut,vit,hole,0.008689413265306123,0.8139821835722506,0.8838492523312917,0.867775935704585,1.0737857381994564
E:\Research\Code_Start\data\preprocessed\hazelnut\test\def\hazel_test_def_021.png,hazelnut,vit,hole,0.02951610331632653,0.7469636723457871,0.8657620275877538,0.7424472926814628,0.8991359580132693
E:\Research\Code_Start\data\preprocessed\hazelnut\test\def\hazel_test_def_022.png,hazelnut,vit,hole,0.006377551020408163,0.793663583646968,0.8790867782334035,0.8226114814423391,0.9903667617655298
E:\Research\Code_Start\data\preprocessed\hazelnut\test\def\hazel_test_def_023.png,hazelnut,vit,hole,0.014329559948979591,0.7473647689155647,0.8569168173598554,0.7691623563188051,0.9436187513658351
E:\Research\Code_Start\data\preprocessed\hazelnut\test\def\hazel_test_def_024.png,hazelnut,vit,hole,0.008629623724489796,0.8040075223480564,0.8872263175266806,0.8266890681568523,0.9832257423234011
E:\Research\Code_Start\data\preprocessed\hazelnut\test\def\hazel_test_def_025.png,hazelnut,vit,hole,0.006975446428571429,0.773158069531004,0.8521166723413914,0.7373336868980641,0.9233560304950474
E:\Research\Code_Start\data\preprocessed\hazelnut\test\def\hazel_test_def_027.png,hazelnut,vit,hole,0.012814891581632654,0.8080864844386699,0.9010702450154833,0.8431422344398783,1.0556418141490607
E:\Research\Code_Start\data\preprocessed\hazelnut\test\def\hazel_test_def_028.png,hazelnut,vit,print,0.04486208545918367,0.8037878798858645,0.8851410934744268,0.8484164851054864,0.9779580336626293
E:\Research\Code_Start\data\preprocessed\hazelnut\test\def\hazel_test_def_029.png,hazelnut,vit,print,0.030871332908163265,0.8024651018343952,0.8836028478392848,0.8792573682458249,1.0383106976239314
E:\Research\Code_Start\data\preprocessed\hazelnut\test\def\hazel_test_def_030.png,hazelnut,vit,print,0.030153858418367346,0.77968736853865,0.8681628510206383,0.8327561175646965,0.9856489950819978
E:\Research\Code_Start\data\preprocessed\hazelnut\test\def\hazel_test_def_031.png,hazelnut,vit,print,0.016402264030612245,0.8264795945998965,0.9162572215323147,0.9258020913959731,1.2348336304745857
E:\Research\Code_Start\data\preprocessed\hazelnut\test\def\hazel_test_def_032.png,hazelnut,vit,print,0.01931202168367347,0.833345882824767,0.8992596654784755,0.925925655201051,1.0846235065248337
E:\Research\Code_Start\data\preprocessed\hazelnut\test\def\hazel_test_def_033.png,hazelnut,vit,print,0.03784677933673469,0.8154254016208832,0.9056809508232472,0.9393316388087172,1.1762627958910479
E:\Research\Code_Start\data\preprocessed\hazelnut\test\def\hazel_test_def_034.png,hazelnut,vit,print,0.019112723214285716,0.8151745794818127,0.8916620651573717,0.8465550798176539,1.0687211555297427
E:\Research\Code_Start\data\preprocessed\hazelnut\test\def\hazel_test_def_035.png,hazelnut,vit,print,0.020487882653061226,0.8073646244642761,0.8714572640035706,0.877418091630575,1.0468927513673054
E:\Research\Code_Start\data\preprocessed\hazelnut\test\def\hazel_test_def_036.png,hazelnut,vit,print,0.02560985331632653,0.7191999359681794,0.8370125731502405,0.711999272506883,0.9200868932641187
E:\Research\Code_Start\data\preprocessed\screw\test\def\screw_test_def_001.png,screw,resnet18,manipulated_front,0.0021125637755102043,0.7250758401570169,0.8781542898341745,0.4944807934824642,0.7846472334572238
E:\Research\Code_Start\data\preprocessed\screw\test\def\screw_test_def_003.png,screw,resnet18,manipulated_front,0.0014548788265306123,0.6956494283038893,0.8035017153673252,0.674350139887934,0.8269279417009371
E:\Research\Code_Start\data\preprocessed\screw\test\def\screw_test_def_005.png,screw,resnet18,manipulated_front,0.004544005102040816,0.7314659345212714,0.9447278026439054,0.6533362228254422,1.0349023718120238
E:\Research\Code_Start\data\preprocessed\screw\test\def\screw_test_def_006.png,screw,resnet18,manipulated_front,0.0013552295918367347,0.7435170093031179,0.8467502850627138,0.6352307254648443,0.7839981298948303
E:\Research\Code_Start\data\preprocessed\screw\test\def\screw_test_def_007.png,screw,resnet18,manipulated_front,0.003128985969387755,0.7434292553402093,0.8779192030990592,0.5777635503018786,0.8212362689679413
E:\Research\Code_Start\data\preprocessed\screw\test\def\screw_test_def_008.png,screw,resnet18,manipulated_front,0.0027503188775510204,0.7673798172111965,0.964136098906713,0.7213250975048418,0.9579872940647416
E:\Research\Code_Start\data\preprocessed\screw\test\def\screw_test_def_009.png,screw,resnet18,manipulated_front,0.003587372448979592,0.6739101817517801,0.7895308165480641,0.459722829177331,0.5518336284743741
E:\Research\Code_Start\data\preprocessed\screw\test\def\screw_test_def_010.png,screw,resnet18,manipulated_front,0.0016940369897959183,0.708923938038554,0.8091367546722041,0.5714642762669141,0.7595333761200092
E:\Research\Code_Start\data\preprocessed\screw\test\def\screw_test_def_011.png,screw,resnet18,manipulated_front,0.0024115114795918366,0.6735880717355228,0.8037427737052267,0.6195579707554595,0.7718452744633078
E:\Research\Code_Start\data\preprocessed\screw\test\def\screw_test_def_012.png,screw,resnet18,manipulated_front,0.0030293367346938774,0.7838095425943089,0.8683373332589162,0.6171811150706347,0.876518932143443
E:\Research\Code_Start\data\preprocessed\screw\test\def\screw_test_def_013.png,screw,resnet18,scratch_head,0.001992984693877551,0.8041865248727592,0.992446829656132,0.7065532189407641,1.1762003449449925
E:\Research\Code_Start\data\preprocessed\screw\test\def\screw_test_def_014.png,screw,resnet18,scratch_head,0.0028698979591836736,0.7156523792925431,0.9030512876000866,0.553684131289216,0.8727975845080476
E:\Research\Code_Start\data\preprocessed\screw\test\def\screw_test_def_015.png,screw,resnet18,scratch_head,0.002072704081632653,0.7737691659264522,0.8579475047876535,0.6580677038277027,0.9156854376735148
E:\Research\Code_Start\data\preprocessed\screw\test\def\screw_test_def_016.png,screw,resnet18,scratch_head,0.0024713010204081634,0.7238033619783409,0.8550404709345106,0.5219361029885606,0.8553270718442585
E:\Research\Code_Start\data\preprocessed\screw\test\def\screw_test_def_017.png,screw,resnet18,scratch_head,0.0023915816326530613,0.7376806519178079,0.9754421424962102,0.7599662165741213,1.2492977733305286
E:\Research\Code_Start\data\preprocessed\screw\test\def\screw_test_def_018.png,screw,resnet18,scratch_head,0.00253109056122449,0.730663435972752,0.8485883424408014,0.6036654391119921,0.8627706013089284
E:\Research\Code_Start\data\preprocessed\screw\test\def\screw_test_def_019.png,screw,resnet18,scratch_head,0.0013352997448979591,0.7918077399716722,0.9664066880766682,0.6704079698215525,1.0187223893304598
E:\Research\Code_Start\data\preprocessed\screw\test\def\screw_test_def_020.png,screw,resnet18,scratch_head,0.002610809948979592,0.8051688446785704,0.9841683366733467,0.7079110223698696,1.1017139591784308
E:\Research\Code_Start\data\preprocessed\screw\test\def\screw_test_def_021.png,screw,resnet18,scratch_head,0.0022122130102040817,0.7531050262498028,0.8497844338552303,0.6192890694025236,0.9420954248910932
E:\Research\Code_Start\data\preprocessed\screw\test\def\screw_test_def_022.png,screw,resnet18,scratch_head,0.0028698979591836736,0.8278929408141443,0.9630766083665746,0.7682261648113301,1.2666549713426487
E:\Research\Code_Start\data\preprocessed\screw\test\def\screw_test_def_023.png,screw,resnet18,scratch_head,0.0034279336734693877,0.831737599101532,0.9491033481911475,0.7012962534257339,1.0543891736025648
E:\Research\Code_Start\data\preprocessed\screw\test\def\screw_test_def_024.png,screw,resnet18,scratch_head,0.0016541772959183674,0.7776795953062782,0.9684049860086492,0.5851330855848106,0.9814113010340384
E:\Research\Code_Start\data\preprocessed\screw\test\def\screw_test_def_025.png,screw,resnet18,scratch_neck,0.0024713010204081634,0.7196293457187286,0.8456314558009473,0.5520980568172056,0.7921510527208555
E:\Research\Code_Start\data\preprocessed\screw\test\def\screw_test_def_026.png,screw,resnet18,scratch_neck,0.0028300382653061226,0.7435064107879855,0.8914342083630186,0.6147547198053231,0.8739070090841446
E:\Research\Code_Start\data\preprocessed\screw\test\def\screw_test_def_027.png,screw,resnet18,scratch_neck,0.004444355867346939,0.7225722749252775,0.8335832083958021,0.4856262359073948,0.5852005639852927
E:\Research\Code_Start\data\preprocessed\screw\test\def\screw_test_def_028.png,screw,resnet18,scratch_neck,0.0027503188775510204,0.8031603253916971,0.8970244247402491,0.6447977335403563,0.9782779800686855
E:\Research\Code_Start\data\preprocessed\screw\test\def\screw_test_def_029.png,screw,resnet18,scratch_neck,0.004364636479591837,0.755304273687392,0.9007914995120894,0.633723276214242,1.0232980620381347
E:\Research\Code_Start\data\preprocessed\screw\test\def\screw_test_def_030.png,screw,resnet18,scratch_neck,0.0033681441326530613,0.7887100603652136,0.8897163508925638,0.664673043739679,1.0357000258887776
E:\Research\Code_Start\data\preprocessed\screw\test\def\screw_test_def_031.png,screw,resnet18,scratch_neck,0.001634247448979592,0.8248962626601192,0.9474667774086378,0.7587029593823739,1.184342275850112
E:\Research\Code_Start\data\preprocessed\screw\test\def\screw_test_def_032.png,screw,resnet18,scratch_neck,0.0009765625,0.7003225558377348,0.8273623188405796,0.532540139421104,0.734507036445123
E:\Research\Code_Start\data\preprocessed\screw\test\def\screw_test_def_033.png,screw,resnet18,scratch_neck,0.0029496173469387753,0.6712605791927637,0.8174855661600094,0.4945605976187834,0.6480425808585999
E:\Research\Code_Start\data\preprocessed\screw\test\def\screw_test_def_034.png,screw,resnet18,scratch_neck,0.0071548150510204085,0.7248400249608195,0.8801502264442727,0.5993905950861236,0.8910409640425376
E:\Research\Code_Start\data\preprocessed\screw\test\def\screw_test_def_035.png,screw,resnet18,scratch_neck,0.004344706632653061,0.8257385871646488,0.9440683262160192,0.7341372008306322,1.1192488347597858
E:\Research\Code_Start\data\preprocessed\screw\test\def\screw_test_def_036.png,screw,resnet18,scratch_neck,0.00253109056122449,0.7305868161791702,0.8341210374639769,0.5717520653068505,0.721817373456752
E:\Research\Code_Start\data\preprocessed\screw\test\def\screw_test_def_037.png,screw,resnet18,thread_side,0.0015345982142857143,0.6706678820288411,0.848260547742413,0.49325118924272493,0.7882209202808068
E:\Research\Code_Start\data\preprocessed\screw\test\def\screw_test_def_038.png,screw,resnet18,thread_side,0.0012157206632653062,0.7154567973618059,0.8313245997088792,0.5399310792051909,0.733029985206607
E:\Research\Code_Start\data\preprocessed\screw\test\def\screw_test_def_039.png,screw,resnet18,thread_side,0.00568000637755102,0.8041736665628788,0.9055889195476925,0.6459726561863802,1.0582291890718314
E:\Research\Code_Start\data\preprocessed\screw\test\def\screw_test_def_040.png,screw,resnet18,thread_side,0.002889827806122449,0.7725880260926393,0.9351958827854217,0.6980448193997413,1.0041000706143721
E:\Research\Code_Start\data\preprocessed\screw\test\def\screw_test_def_041.png,screw,resnet18,thread_side,0.0013950892857142857,0.7262035504768224,0.9008911106281243,0.5183627759781085,0.7960693987969109
E:\Research\Code_Start\data\preprocessed\screw\test\def\screw_test_def_042.png,screw,resnet18,thread_side,0.003706951530612245,0.7839214700687722,0.9085428217688539,0.6214357613759948,0.8900624098433887
E:\Research\Code_Start\data\preprocessed\screw\test\def\screw_test_def_043.png,screw,resnet18,thread_side,0.001634247448979592,0.8198802788567803,0.9848803444477822,0.7707350963884755,1.2362928623400915
E:\Research\Code_Start\data\preprocessed\screw\test\def\screw_test_def_044.png,screw,resnet18,thread_side,0.00408561862244898,0.6956837589077708,0.8137461881304247,0.5378938279954665,0.750751820527682
E:\Research\Code_Start\data\preprocessed\screw\test\def\screw_test_def_045.png,screw,resnet18,thread_side,0.003706951530612245,0.7553706568615496,0.8731173234035459,0.5937305970597732,0.8314539651596042
E:\Research\Code_Start\data\preprocessed\screw\test\def\screw_test_def_046.png,screw,resnet18,thread_side,0.0015943877551020409,0.7004464801351009,0.8759909085869505,0.5082515800077314,0.8232456372443314
E:\Research\Code_Start\data\preprocessed\screw\test\def\screw_test_def_047.png,screw,resnet18,thread_side,0.002291932397959184,0.7435249279977346,0.8208893849497738,0.5559946605478513,0.7040154866467236
E:\Research\Code_Start\data\preprocessed\screw\test\def\screw_test_def_048.png,screw,resnet18,thread_top,0.00643734056122449,0.7961310614553575,0.9290656525643057,0.7296129690183247,1.0929924008627374
E:\Research\Code_Start\data\preprocessed\screw\test\def\screw_test_def_049.png,screw,resnet18,thread_top,0.005819515306122449,0.7751873873226307,0.8637076888590003,0.6563942661499286,0.9055883134942347
E:\Research\Code_Start\data\preprocessed\screw\test\def\screw_test_def_050.png,screw,resnet18,thread_top,0.007314253826530612,0.7039478170279452,0.8581404516528692,0.5344427229228654,0.903371624694175
E:\Research\Code_Start\data\preprocessed\screw\test\def\screw_test_def_051.png,screw,resnet18,thread_top,0.003866390306122449,0.7962392506148825,0.8732425673798277,0.5678348007034267,0.7933359282124695
E:\Research\Code_Start\data\preprocessed\screw\test\def\screw_test_def_052.png,screw,resnet18,thread_top,0.006556919642857143,0.6889664762052227,0.795952380952381,0.4632190608582098,0.5912732308040375
E:\Research\Code_Start\data\preprocessed\screw\test\def\screw_test_def_053.png,screw,resnet18,thread_top,0.0052614795918367345,0.8140608623531632,0.898761677167065,0.654403324161695,0.8672926271326955
E:\Research\Code_Start\data\preprocessed\screw\test\def\screw_test_def_054.png,screw,resnet18,thread_top,0.005301339285714286,0.8046312158967043,0.9514944668528287,0.7576235304231375,1.168795962857436
E:\Research\Code_Start\data\preprocessed\screw\test\def\screw_test_def_055.png,screw,resnet18,thread_top,0.0038464604591836736,0.7193043024920248,0.9013686726048229,0.5664644206484499,0.9314418336149615
E:\Research\Code_Start\data\preprocessed\screw\test\def\screw_test_def_056.png,screw,resnet18,thread_top,0.004424426020408163,0.7457628288492014,0.9501372132760317,0.5787182885442839,0.94997202958446
E:\Research\Code_Start\data\preprocessed\screw\test\def\screw_test_def_057.png,screw,resnet18,thread_top,0.0064572704081632655,0.7387718523240516,0.9104782375067169,0.5893424011115335,0.7813649030753151
E:\Research\Code_Start\data\preprocessed\screw\test\def\screw_test_def_058.png,screw,resnet18,thread_top,0.0010562818877551021,0.7656410262710563,0.9029325830537821,0.6370892161653438,0.9508485286097124
E:\Research\Code_Start\data\preprocessed\screw\test\def\screw_test_def_001.png,screw,vit,manipulated_front,0.0021125637755102043,0.7702511398513944,0.858851404716236,0.7866025564179783,0.9160676899545631
E:\Research\Code_Start\data\preprocessed\screw\test\def\screw_test_def_002.png,screw,vit,manipulated_front,0.0012755102040816326,0.7406798271952381,0.8441803325524255,0.7447904927050568,0.9066530495220175
E:\Research\Code_Start\data\preprocessed\screw\test\def\screw_test_def_003.png,screw,vit,manipulated_front,0.0014548788265306123,0.6984064869376346,0.823998125146473,0.6935637502822379,0.9135839070186255
E:\Research\Code_Start\data\preprocessed\screw\test\def\screw_test_def_006.png,screw,vit,manipulated_front,0.0013552295918367347,0.718244740804226,0.8402041167364257,0.7198506374859384,0.9321669392948737
E:\Research\Code_Start\data\preprocessed\screw\test\def\screw_test_def_008.png,screw,vit,manipulated_front,0.0027503188775510204,0.7131333791814757,0.8225844004656577,0.7090814665162117,0.9098569991296187
E:\Research\Code_Start\data\preprocessed\screw\test\def\screw_test_def_010.png,screw,vit,manipulated_front,0.0016940369897959183,0.7873956274270336,0.8755811999327768,0.8504298388795162,1.0086956883496587
E:\Research\Code_Start\data\preprocessed\screw\test\def\screw_test_def_011.png,screw,vit,manipulated_front,0.0024115114795918366,0.724789529914367,0.8245002324500232,0.7593594855080213,0.9321304314817259
E:\Research\Code_Start\data\preprocessed\screw\test\def\screw_test_def_012.png,screw,vit,manipulated_front,0.0030293367346938774,0.7453103611382191,0.8472760428538865,0.7625623913830687,0.9444413432951769
E:\Research\Code_Start\data\preprocessed\screw\test\def\screw_test_def_014.png,screw,vit,scratch_head,0.0028698979591836736,0.743409542743782,0.8715202231520223,0.7837263590165978,0.989913970307346
E:\Research\Code_Start\data\preprocessed\screw\test\def\screw_test_def_015.png,screw,vit,scratch_head,0.002072704081632653,0.7178718945113443,0.8639347973737831,0.7542590084439414,0.9677039417943655
E:\Research\Code_Start\data\preprocessed\screw\test\def\screw_test_def_016.png,screw,vit,scratch_head,0.0024713010204081634,0.7128855257851682,0.8536129215075092,0.7443088513036261,0.9537695067032302
E:\Research\Code_Start\data\preprocessed\screw\test\def\screw_test_def_017.png,screw,vit,scratch_head,0.0023915816326530613,0.7338011566243993,0.8656682678722802,0.7522835814343917,0.9130372630553136
E:\Research\Code_Start\data\preprocessed\screw\test\def\screw_test_def_018.png,screw,vit,scratch_head,0.00253109056122449,0.7432289751435138,0.8740042634354314,0.8076980139598385,1.007230286943295
E:\Research\Code_Start\data\preprocessed\screw\test\def\screw_test_def_021.png,screw,vit,scratch_head,0.0022122130102040817,0.713565910186973,0.8410416305791327,0.7388886790798304,0.942715382466051
E:\Research\Code_Start\data\preprocessed\screw\test\def\screw_test_def_022.png,screw,vit,scratch_head,0.0028698979591836736,0.7468569235406628,0.8485227984288723,0.7276777158334228,0.9010794864686172
E:\Research\Code_Start\data\preprocessed\screw\test\def\screw_test_def_024.png,screw,vit,scratch_head,0.0016541772959183674,0.7200272386704164,0.86665172568355,0.7912734996258913,1.0285469613846727
E:\Research\Code_Start\data\preprocessed\screw\test\def\screw_test_def_025.png,screw,vit,scratch_neck,0.0024713010204081634,0.7135262383811446,0.8353963958777132,0.6985840528058729,0.8783681971157989
E:\Research\Code_Start\data\preprocessed\screw\test\def\screw_test_def_028.png,screw,vit,scratch_neck,0.0027503188775510204,0.7454143948245976,0.8710793615358857,0.7922024621504175,0.9759607810408468
E:\Research\Code_Start\data\preprocessed\screw\test\def\screw_test_def_029.png,screw,vit,scratch_neck,0.004364636479591837,0.7121096222563171,0.8458398021965384,0.6939204756623966,0.9067316224880447
E:\Research\Code_Start\data\preprocessed\screw\test\def\screw_test_def_030.png,screw,vit,scratch_neck,0.0033681441326530613,0.7276253166002449,0.8420630831759116,0.7539241450701715,0.9653550659055495
E:\Research\Code_Start\data\preprocessed\screw\test\def\screw_test_def_031.png,screw,vit,scratch_neck,0.001634247448979592,0.7487983509019194,0.8609046024629703,0.788849059516478,0.9597401200785582
E:\Research\Code_Start\data\preprocessed\screw\test\def\screw_test_def_032.png,screw,vit,scratch_neck,0.0009765625,0.7319164641659771,0.8752224199288257,0.7721158441333779,0.9766664501466887
E:\Research\Code_Start\data\preprocessed\screw\test\def\screw_test_def_033.png,screw,vit,scratch_neck,0.0029496173469387753,0.7127441856489023,0.8331122007499279,0.7802398044679107,0.9517522626672499
E:\Research\Code_Start\data\preprocessed\screw\test\def\screw_test_def_034.png,screw,vit,scratch_neck,0.0071548150510204085,0.7331708333063965,0.8454996860909765,0.7617469022749136,0.9300721439703473
E:\Research\Code_Start\data\preprocessed\screw\test\def\screw_test_def_035.png,screw,vit,scratch_neck,0.004344706632653061,0.7646713684613493,0.854141690928812,0.8228132596107813,0.9826209211956994
E:\Research\Code_Start\data\preprocessed\screw\test\def\screw_test_def_036.png,screw,vit,scratch_neck,0.00253109056122449,0.7262546568440064,0.846092413006275,0.7352024078389817,0.9072286262898627
E:\Research\Code_Start\data\preprocessed\screw\test\def\screw_test_def_039.png,screw,vit,thread_side,0.00568000637755102,0.7138666332304308,0.8271590510693,0.7205718445084215,0.9086503805850281
E:\Research\Code_Start\data\preprocessed\screw\test\def\screw_test_def_042.png,screw,vit,thread_side,0.003706951530612245,0.7302619008443313,0.8652193577566711,0.7262955852024596,0.9216965446383599
E:\Research\Code_Start\data\preprocessed\screw\test\def\screw_test_def_044.png,screw,vit,thread_side,0.00408561862244898,0.7321041826273406,0.8558176367441597,0.7058909963692873,0.9258035080688286
E:\Research\Code_Start\data\preprocessed\screw\test\def\screw_test_def_045.png,screw,vit,thread_side,0.003706951530612245,0.7084054410882167,0.8433790480580846,0.7151001691443795,0.9312436817239444
E:\Research\Code_Start\data\preprocessed\screw\test\def\screw_test_def_046.png,screw,vit,thread_side,0.0015943877551020409,0.7040056710819876,0.8405060366241118,0.693219287990145,0.8452654279711189
E:\Research\Code_Start\data\preprocessed\screw\test\def\screw_test_def_047.png,screw,vit,thread_side,0.002291932397959184,0.7365663729070896,0.8696925329428989,0.7330711493536848,0.9717719656706152
E:\Research\Code_Start\data\preprocessed\screw\test\def\screw_test_def_048.png,screw,vit,thread_top,0.00643734056122449,0.7190810568241558,0.8504009163802978,0.7687116074338772,0.955909275909415
E:\Research\Code_Start\data\preprocessed\screw\test\def\screw_test_def_049.png,screw,vit,thread_top,0.005819515306122449,0.723656309597973,0.8199743320499359,0.7043327517905954,0.878685083667936
E:\Research\Code_Start\data\preprocessed\screw\test\def\screw_test_def_050.png,screw,vit,thread_top,0.007314253826530612,0.7303432848754481,0.829533618794121,0.7305228023047655,0.8882928722253559
E:\Research\Code_Start\data\preprocessed\screw\test\def\screw_test_def_053.png,screw,vit,thread_top,0.0052614795918367345,0.7021529274088207,0.8230639436783616,0.702827453536727,0.8624750232890304
E:\Research\Code_Start\data\preprocessed\screw\test\def\screw_test_def_054.png,screw,vit,thread_top,0.005301339285714286,0.7601785454582587,0.8847108121519546,0.8189481474300072,1.0482518262266052
E:\Research\Code_Start\data\preprocessed\screw\test\def\screw_test_def_055.png,screw,vit,thread_top,0.0038464604591836736,0.7710197117100012,0.8551052750735794,0.7925983242781757,0.9825928167613291
E:\Research\Code_Start\data\preprocessed\screw\test\def\screw_test_def_058.png,screw,vit,thread_top,0.0010562818877551021,0.7595800828430362,0.8813238243815467,0.8250483517327288,1.0392487421821546
